station_id, pdf_file_name, station_name, station_name_for_pebble, station_address
1, h26_01sakaemati_daiya.pdf, ‰h’¬, ‰h’¬, D–ys“Œ‹æ–k41ğ“Œ15’š–Ú
2, h26_02sindouhigasi_daiya.pdf, , , ZŠ
3, h26_03motomati_daiya.pdf, , , ZŠ
4, h26_04kanzyoudourihigasi_daiya.pdf, , , ZŠ
5, h26_05higasikuyakusyo_daiya.pdf, , , ZŠ
6, h26_06kita13zyouhigasi_daiya.pdf, , , ZŠ
7, h26-01sapporo_daiay.pdf, D–y, ‚³‚Á‚Û‚ë, ZŠ
8, h26-01oodori_daiya.pdf, , , ZŠ
9, h26-01housui_daiya.pdf, , , ZŠ
10, h26-01gakuenmae_daiya.pdf, , , ZŠ
11, h26-01toyohirakoen_daiya.pdf, , , ZŠ
12, h26-01misono_daiya.pdf, , , ZŠ
13, h26-01tukisamu_daiya.pdf, , , ZŠ
14, h26-01hukuzumi_daiya.pdf, •ŸZ, •Ÿ‚¸‚İ, ZŠ
